dataset,N,family,kind,mean,std
eng_delaney_rbf_bw0.6,10,gbt_full,classical_ml,0.5062007900571929,0.0616
eng_delaney_rbf_bw0.6,10,laplacian_matched,classical_kernel,0.4919909821056257,0.0737
eng_delaney_rbf_bw0.6,10,linear_full,classical_ml,0.5203326269879917,0.0404
eng_delaney_rbf_bw0.6,10,product_r2,quantum,0.5014020206456032,0.0678
eng_delaney_rbf_bw0.6,10,rbf_matched,classical_kernel,0.5091074660729126,0.0555
eng_delaney_rbf_bw0.6,10,rf_full,classical_ml,0.5068574763087057,0.0483
eng_delaney_rbf_bw0.6,10,twin_matched,classical_kernel,0.5162610605796191,0.0675
eng_delaney_rbf_bw0.6,10,zz_full_r1,quantum,0.5152952917438108,0.0702
eng_delaney_rbf_bw0.6,10,zz_lin_r1,quantum,0.5800333075781331,0.0499
eng_delaney_rbf_bw0.6,10,zz_lin_r2,quantum,0.5792754762918685,0.0527
eng_delaney_rbf_bw0.6,10,zz_unshifted_lin_r1,quantum,0.5170712987599416,0.0673
eng_delaney_rbf_bw0.6,20,gbt_full,classical_ml,0.5084257658458567,0.05
eng_delaney_rbf_bw0.6,20,laplacian_matched,classical_kernel,0.5011138552805215,0.0521
eng_delaney_rbf_bw0.6,20,linear_full,classical_ml,0.4776251066918869,0.0557
eng_delaney_rbf_bw0.6,20,product_r2,quantum,0.5044556217501417,0.0505
eng_delaney_rbf_bw0.6,20,rbf_matched,classical_kernel,0.527394155818813,0.0545
eng_delaney_rbf_bw0.6,20,rf_full,classical_ml,0.5021450966799137,0.0645
eng_delaney_rbf_bw0.6,20,twin_matched,classical_kernel,0.5800055527509861,0.0766
eng_delaney_rbf_bw0.6,20,zz_full_r1,quantum,0.5758179964800964,0.1016
eng_delaney_rbf_bw0.6,20,zz_lin_r1,quantum,0.5881962247544436,0.106
eng_delaney_rbf_bw0.6,20,zz_lin_r2,quantum,0.5855350836800604,0.0772
eng_delaney_rbf_bw0.6,20,zz_unshifted_lin_r1,quantum,0.49804578771473706,0.0687
eng_delaney_rbf_bw0.6,30,gbt_full,classical_ml,0.5599246478505137,0.048
eng_delaney_rbf_bw0.6,30,laplacian_matched,classical_kernel,0.5762014811086608,0.0323
eng_delaney_rbf_bw0.6,30,linear_full,classical_ml,0.5505332809226312,0.0263
eng_delaney_rbf_bw0.6,30,product_r2,quantum,0.5580594838446216,0.0304
eng_delaney_rbf_bw0.6,30,rbf_matched,classical_kernel,0.5787672719348289,0.0402
eng_delaney_rbf_bw0.6,30,rf_full,classical_ml,0.5660901448263845,0.0261
eng_delaney_rbf_bw0.6,30,twin_matched,classical_kernel,0.6332697162218307,0.1025
eng_delaney_rbf_bw0.6,30,zz_full_r1,quantum,0.5881019383507118,0.0946
eng_delaney_rbf_bw0.6,30,zz_lin_r1,quantum,0.6839353513822211,0.1226
eng_delaney_rbf_bw0.6,30,zz_lin_r2,quantum,0.6490266939579206,0.0894
eng_delaney_rbf_bw0.6,30,zz_unshifted_lin_r1,quantum,0.5676614070284215,0.0306
eng_delaney_rbf_bw0.6,50,gbt_full,classical_ml,0.5934013017741443,0.0549
eng_delaney_rbf_bw0.6,50,laplacian_matched,classical_kernel,0.6120341065801614,0.0553
eng_delaney_rbf_bw0.6,50,linear_full,classical_ml,0.5392113653903906,0.0391
eng_delaney_rbf_bw0.6,50,product_r2,quantum,0.5685765138100635,0.0589
eng_delaney_rbf_bw0.6,50,rbf_matched,classical_kernel,0.560068967590267,0.0379
eng_delaney_rbf_bw0.6,50,rf_full,classical_ml,0.5845970651313179,0.0446
eng_delaney_rbf_bw0.6,50,twin_matched,classical_kernel,0.7276494194932012,0.0907
eng_delaney_rbf_bw0.6,50,zz_full_r1,quantum,0.6901607845075057,0.0681
eng_delaney_rbf_bw0.6,50,zz_lin_r1,quantum,0.7157880902461226,0.0696
eng_delaney_rbf_bw0.6,50,zz_lin_r2,quantum,0.7112932879445809,0.0759
eng_delaney_rbf_bw0.6,50,zz_unshifted_lin_r1,quantum,0.6092407379043691,0.0564
eng_delaney_rbf_bw0.6,75,gbt_full,classical_ml,0.5954761897398397,0.0483
eng_delaney_rbf_bw0.6,75,laplacian_matched,classical_kernel,0.6911324388853721,0.0457
eng_delaney_rbf_bw0.6,75,linear_full,classical_ml,0.5040946275510637,0.0361
eng_delaney_rbf_bw0.6,75,product_r2,quantum,0.6098422410529619,0.0561
eng_delaney_rbf_bw0.6,75,rbf_matched,classical_kernel,0.5792710789772114,0.0859
eng_delaney_rbf_bw0.6,75,rf_full,classical_ml,0.6144800676093134,0.032
eng_delaney_rbf_bw0.6,75,twin_matched,classical_kernel,0.7987968494165688,0.0474
eng_delaney_rbf_bw0.6,75,zz_full_r1,quantum,0.7334037852708576,0.1307
eng_delaney_rbf_bw0.6,75,zz_lin_r1,quantum,0.7829667449859414,0.1315
eng_delaney_rbf_bw0.6,75,zz_lin_r2,quantum,0.8224980927617661,0.0275
eng_delaney_rbf_bw0.6,75,zz_unshifted_lin_r1,quantum,0.6517787041491764,0.0652
