dataset,N,reference,draws,mean_gap,ci_lo,ci_hi,quantum_win_rate,practical_win_rate,p_raw,p_holm,verdict
eng_delaney_rbf+lap_bw0.6,10,best classical kernel,6,0.0436,0.0139,0.0743,0.8333,0.6667,0.0938,0.8438,no evidence of difference
eng_delaney_rbf+lap_bw0.6,10,"best classical (any, incl. RF/GBT/linear)",6,0.0505,0.0309,0.0738,1.0,0.8333,0.0312,0.3125,no evidence of difference
eng_delaney_rbf+lap_bw0.6,20,best classical kernel,6,-0.0263,-0.1404,0.0537,0.6667,0.5,0.6875,1.0,no evidence of difference
eng_delaney_rbf+lap_bw0.6,20,"best classical (any, incl. RF/GBT/linear)",6,-0.0041,-0.1322,0.0785,0.8333,0.6667,0.4375,1.0,no evidence of difference
eng_delaney_rbf+lap_bw0.6,30,best classical kernel,6,-0.0146,-0.0751,0.0412,0.3333,0.3333,0.6875,1.0,no evidence of difference
eng_delaney_rbf+lap_bw0.6,30,"best classical (any, incl. RF/GBT/linear)",6,-0.0146,-0.0751,0.0453,0.3333,0.3333,0.6875,1.0,no evidence of difference
eng_delaney_rbf+lap_bw0.6,50,best classical kernel,6,-0.0471,-0.1267,0.0095,0.5,0.1667,0.5625,1.0,no evidence of difference
eng_delaney_rbf+lap_bw0.6,50,"best classical (any, incl. RF/GBT/linear)",6,-0.0471,-0.1299,0.0108,0.5,0.1667,0.5625,1.0,no evidence of difference
eng_delaney_rbf+lap_bw0.6,75,best classical kernel,6,0.0112,0.0015,0.021,0.8333,0.1667,0.0938,0.8438,no evidence of difference
eng_delaney_rbf+lap_bw0.6,75,"best classical (any, incl. RF/GBT/linear)",6,0.0112,0.0011,0.0212,0.8333,0.1667,0.0938,0.8438,no evidence of difference
